"Catalog Number","Additional Identifier Values","Collector","Associated Collectors","Number","Date","Verbatim Date","Year","Month","Day","Day of year range","Scientific Name","Author","Identification Qualifier","Family","Identified By","Date Identified","ID References","ID Remarks","Taxon Remarks","Country","State/Province","Muncipality","Locality","Location ID","Locality Security","Latitude","Longitude","Uncertainty (meters)","Datum","Verbatim Coordinates","Elevation in Meters","Verbatim Elevation","Depth in Meters","Verbatim Depth","Georeferenced By","Georeference Protocol","Georeference Sources","Georef Verification Status","Georeference Remarks","Habitat","Substrate","Associated Taxa","Description","Notes","Dynamic Properties","Life Stage","Sex","Individual Count","Sampling Protocol","Preparations","Phenology","Establishment Means","Cultivated Checkbox","Type Status","Disposition","Occurrence Id","Field Number","Owner Code","Basis of Record","Language","Processing Status","Label Project","Duplicate Quantity"
NA,NA,"Reed Clark Benkendorf","Linda Martin, Payton Lott",2833,2023-06-08,"06.08.2023",2023,6,8,NA,"Elymus elymoides (Raf.) Swezey","(Raf.) Swezey",NA,"Poaceae","RCB",2023-06-15,"Flora of the PNW",NA,NA,"U.S.A.","Oregon",NA,"0.8mi at 181° from Sage Hen Hill rsvr.",NA,NA,43.5212,-119.2864,"+/- 5m'","WGS84",NA,"1,395","1,395",NA,NA,NA,NA,NA,NA,NA,"Gravelly sage flats",NA,"Artemisia arbuscula, Poa secunda, Elymus elymoides, Festuca idahoensis, Eriocoma thurberiana, Delphinium andersonii, Bromus tectorum, Trifolium macrocephalum, Collinsia parviflora, Blepharipappus scaber, Crepis acuminata, C. occidentalis, Lomatium sp., Nothocalais troximoides, Myosotis sp., Lithophragma sp.",NA,NA,NA,NA,NA,NA,NA,NA,NA,NA,NA,NA,NA,NA,NA,NA,NA,NA,NA,"Seeds of Success",NA
NA,NA,"Reed Clark Benkendorf","Linda Martin, Payton Lott",2834,2023-06-08,"06.08.2023",2023,6,8,NA,"Poa secunda J. Presl","J. Presl",NA,"Poaceae","RCB",2023-06-15,"Flora of the PNW",NA,NA,"U.S.A.","Oregon",NA,"0.8mi at 181° from Sage Hen Hill rsvr.",NA,NA,43.5212,-119.2864,"+/- 5m'","WGS84",NA,"1,395","1,395",NA,NA,NA,NA,NA,NA,NA,"Gravelly sage flats",NA,"Artemisia arbuscula, Poa secunda, Elymus elymoides, Festuca idahoensis, Eriocoma thurberiana, Delphinium andersonii, Bromus tectorum, Trifolium macrocephalum, Collinsia parviflora, Blepharipappus scaber, Crepis acuminata, C. occidentalis, Lomatium sp., Nothocalais troximoides, Myosotis sp., Lithophragma sp.",NA,NA,NA,NA,NA,NA,NA,NA,NA,NA,NA,NA,NA,NA,NA,NA,NA,NA,NA,"Seeds of Success",NA
NA,NA,"Reed Clark Benkendorf","Linda Martin, Payton Lott",2835,2023-06-08,"06.08.2023",2023,6,8,NA,"Nothocalais troximoides A. Gray","A. Gray",NA,"Asteraceae","RCB",2023-06-15,"Flora of the PNW",NA,NA,"U.S.A.","Oregon",NA,"0.8mi at 181° from Sage Hen Hill rsvr.",NA,NA,43.5212,-119.2864,"+/- 5m'","WGS84",NA,"1,395","1,395",NA,NA,NA,NA,NA,NA,NA,"Gravelly sage flats",NA,"Artemisia arbuscula, Poa secunda, Elymus elymoides, Festuca idahoensis, Eriocoma thurberiana, Delphinium andersonii, Bromus tectorum, Trifolium macrocephalum, Collinsia parviflora, Blepharipappus scaber, Crepis acuminata, C. occidentalis, Lomatium sp., Nothocalais troximoides, Myosotis sp., Lithophragma sp.",NA,NA,NA,NA,NA,NA,NA,NA,NA,NA,NA,NA,NA,NA,NA,NA,NA,NA,NA,"Seeds of Success",NA
NA,NA,"Reed Clark Benkendorf","Linda Martin, Payton Lott",2836,2023-06-08,"06.08.2023",2023,6,8,NA,"Castilleja pilosa (S. Watson) Rydb. var. pilosa (S. Watson) Rydb.","(S. Watson) Rydb.",NA,"Orobanchaceae","RCB",2023-06-15,"Intermountain Flora",NA,NA,"U.S.A.","Oregon",NA,"0.8mi at 181° from Sage Hen Hill rsvr.",NA,NA,43.5212,-119.2864,"+/- 5m'","WGS84",NA,"1,395","1,395",NA,NA,NA,NA,NA,NA,NA,"Gravelly sage flats",NA,"Artemisia arbuscula, Poa secunda, Elymus elymoides, Festuca idahoensis, Eriocoma thurberiana, Delphinium andersonii, Bromus tectorum, Trifolium macrocephalum, Blepharipappus scaber, Crepis acuminata","Bracts creamy yellow",NA,NA,NA,NA,NA,NA,NA,NA,NA,NA,NA,NA,NA,NA,NA,NA,NA,NA,"Seeds of Success",NA
NA,NA,"Reed Clark Benkendorf","Linda Martin, Payton Lott",2837,2023-06-08,"06.08.2023",2023,6,8,NA,"Neoholmgrenia andina (Nutt.) W.L. Wagner & Hoch","(Nutt.) W.L. Wagner & Hoch",NA,"Onagraceae","RCB",2023-06-15,"Intermountain Flora",NA,NA,"U.S.A.","Oregon",NA,"0.8mi at 181° from Sage Hen Hill rsvr.",NA,NA,43.5212,-119.2864,"+/- 5m'","WGS84",NA,"1,395","1,395",NA,NA,NA,NA,NA,NA,NA,"Gravelly sage flats",NA,"Artemisia arbuscula, Poa secunda, Elymus elymoides, Festuca idahoensis, Eriocoma thurberiana, Delphinium andersonii, Bromus tectorum, Trifolium macrocephalum, Collinsia parviflora, Blepharipappus scaber, Crepis acuminata, C. occidentalis, Lomatium sp., Nothocalais troximoides, Myosotis sp., Lithophragma sp.",NA,NA,NA,NA,NA,NA,NA,NA,NA,NA,NA,NA,NA,NA,NA,NA,NA,NA,NA,"Seeds of Success",NA
NA,NA,"Reed Clark Benkendorf","Linda Martin, Payton Lott",2838,2023-06-08,"06.08.2023",2023,6,8,NA,"Allium acuminatum Hook.","Hook.",NA,"Amaryllidaceae","RCB",2023-06-15,"Intermountain Flora",NA,NA,"U.S.A.","Oregon",NA,"0.8mi at 181° from Sage Hen Hill rsvr.",NA,NA,43.5212,-119.2864,"+/- 5m'","WGS84",NA,"1,395","1,395",NA,NA,NA,NA,NA,NA,NA,"Gravelly sage flats",NA,"Artemisia arbuscula, Poa secunda, Elymus elymoides, Festuca idahoensis, Eriocoma thurberiana, Delphinium andersonii, Bromus tectorum, Trifolium macrocephalum, Collinsia parviflora, Blepharipappus scaber, Crepis acuminata, C. occidentalis, Nothocalais troximoides, Myosotis sp.",NA,NA,NA,NA,NA,NA,NA,NA,NA,NA,NA,NA,NA,NA,NA,NA,NA,NA,NA,"Seeds of Success",NA
NA,NA,"Reed Clark Benkendorf","Linda Martin, Payton Lott",2839,2023-06-08,"06.08.2023",2023,6,8,NA,"Eriocoma thurberiana (Piper) Romasch.","(Piper) Romasch.",NA,"Poaceae","RCB",2023-06-15,"Flora of the PNW",NA,NA,"U.S.A.","Oregon",NA,"1.2mi at 350° from Hay lk.",NA,NA,43.4902,-119.7907,"+/- 5m'","WGS84",NA,"1,400","1,400",NA,NA,NA,NA,NA,NA,NA,"Silty south facing sagebrush slopes",NA,"Artemisia tridentata ssp. wyomingensis, Poa secunda, Eriocoma thurberiana, Elymus elymoides, Ionactis alpina, Crepis acuminata, Phlox hoodii, Delphinium andersonii, Alyssum desertorum, Lewisia rediviva, Antennaria dimorpha, Eriogonum ovalifolium, Phlox longifolia, Bromus tectorum",NA,NA,NA,NA,NA,NA,NA,NA,NA,NA,NA,NA,NA,NA,NA,NA,NA,NA,NA,"Seeds of Success",NA
NA,NA,"Reed Clark Benkendorf","Linda Martin, Payton Lott",2840,2023-06-08,"06.08.2023",2023,6,8,NA,"Elymus elymoides (Raf.) Swezey","(Raf.) Swezey",NA,"Poaceae","RCB",2023-06-15,"Flora of the PNW",NA,NA,"U.S.A.","Oregon",NA,"1.2mi at 350° from Hay lk.",NA,NA,43.4902,-119.7907,"+/- 5m'","WGS84",NA,"1,400","1,400",NA,NA,NA,NA,NA,NA,NA,"Silty south facing sagebrush slopes",NA,"Artemisia tridentata ssp. wyomingensis, Poa secunda, Eriocoma thurberiana, Elymus elymoides, Ionactis alpina, Crepis acuminata, Phlox hoodii, Delphinium andersonii, Alyssum desertorum, Lewisia rediviva, Antennaria dimorpha, Eriogonum ovalifolium, Phlox longifolia, Bromus tectorum",NA,NA,NA,NA,NA,NA,NA,NA,NA,NA,NA,NA,NA,NA,NA,NA,NA,NA,NA,"Seeds of Success",NA
NA,NA,"Reed Clark Benkendorf","Linda Martin, Payton Lott",2841,2023-06-08,"06.08.2023",2023,6,8,NA,"Eriogonum ovalifolium Nutt. var. ovalifolium Nutt.","Nutt.",NA,"Polygonaceae","RCB",2023-06-15,"Intermountain Flora",NA,NA,"U.S.A.","Oregon",NA,"1.2mi at 350° from Hay lk.",NA,NA,43.4902,-119.7907,"+/- 5m'","WGS84",NA,"1,400","1,400",NA,NA,NA,NA,NA,NA,NA,"Silty south facing sagebrush slopes",NA,"Artemisia tridentata ssp. wyomingensis, Poa secunda, Eriocoma thurberiana, Elymus elymoides, Ionactis alpina, Crepis acuminata, Phlox hoodii, Delphinium andersonii, Alyssum desertorum, Lewisia rediviva, Antennaria dimorpha, Eriogonum ovalifolium, Phlox longifolia, Bromus tectorum",NA,NA,NA,NA,NA,NA,NA,NA,NA,NA,NA,NA,NA,NA,NA,NA,NA,NA,NA,"Seeds of Success",NA
NA,NA,"Reed Clark Benkendorf","Linda Martin, Payton Lott",2842,2023-06-08,"06.08.2023",2023,6,8,NA,"Poa secunda J. Presl","J. Presl",NA,"Poaceae","RCB",2023-06-15,"Flora of the PNW",NA,NA,"U.S.A.","Oregon",NA,"1.2mi at 350° from Hay lk.",NA,NA,43.4902,-119.7907,"+/- 5m'","WGS84",NA,"1,400","1,400",NA,NA,NA,NA,NA,NA,NA,"Silty south facing sagebrush slopes",NA,"Artemisia tridentata ssp. wyomingensis, Poa secunda, Eriocoma thurberiana, Elymus elymoides, Ionactis alpina, Crepis acuminata, Phlox hoodii, Delphinium andersonii, Alyssum desertorum, Lewisia rediviva, Antennaria dimorpha, Eriogonum ovalifolium, Phlox longifolia, Bromus tectorum",NA,NA,NA,NA,NA,NA,NA,NA,NA,NA,NA,NA,NA,NA,NA,NA,NA,NA,NA,"Seeds of Success",NA
NA,NA,"Reed Clark Benkendorf","Linda Martin, Payton Lott",2843,2023-06-08,"06.08.2023",2023,6,8,NA,"Delphinium andersonii A. Gray","A. Gray",NA,"Ranunculaceae","RCB",2023-06-15,"Intermountain Flora",NA,NA,"U.S.A.","Oregon",NA,"1.2mi at 350° from Hay lk.",NA,NA,43.4902,-119.7907,"+/- 5m'","WGS84",NA,"1,400","1,400",NA,NA,NA,NA,NA,NA,NA,"Silty south facing sagebrush slopes",NA,"Artemisia tridentata ssp. wyomingensis, Poa secunda, Eriocoma thurberiana, Elymus elymoides, Ionactis alpina, Crepis acuminata, Phlox hoodii, Delphinium andersonii, Alyssum desertorum, Lewisia rediviva, Antennaria dimorpha, Eriogonum ovalifolium, Phlox longifolia, Bromus tectorum",NA,NA,NA,NA,NA,NA,NA,NA,NA,NA,NA,NA,NA,NA,NA,NA,NA,NA,NA,"Seeds of Success",NA
NA,NA,"Reed Clark Benkendorf","Linda Martin, Payton Lott",2844,2023-06-08,"06.08.2023",2023,6,8,NA,"Astragalus filipes Torr. ex A. Gray","Torr. ex A. Gray",NA,"Fabaceae","RCB",2023-06-15,"Intermountain Flora",NA,NA,"U.S.A.","Oregon",NA,"1.7mi at 267° from Juniper Ridge.",NA,NA,43.5005,-119.7843,"+/- 5m'","WGS84",NA,"1,419","1,419",NA,NA,NA,NA,NA,NA,NA,"Shoulder of hill, gravely silty-sandy soils",NA,"Artemisia tridentata ssp. wyomingensis, Poa secunda, Eriocoma thurberiana, Elymus elymoides, Phlox hoodii, Phlox longifolia, Linanthus sp.",NA,NA,NA,NA,NA,NA,NA,NA,NA,NA,NA,NA,NA,NA,NA,NA,NA,NA,NA,"Seeds of Success",NA
NA,NA,"Reed Clark Benkendorf","Linda Martin, Payton Lott",2845,2023-06-08,"06.08.2023",2023,6,8,NA,"Phlox hoodii Richardson","Richardson",NA,"Polemoniaceae","RCB",2023-06-15,"Flora of the PNW",NA,NA,"U.S.A.","Oregon",NA,"1.7mi at 267° from Juniper Ridge.",NA,NA,43.5005,-119.7843,"+/- 5m'","WGS84",NA,"1,419","1,419",NA,NA,NA,NA,NA,NA,NA,"Shoulder of hill, gravely silty-sandy soils",NA,"Artemisia tridentata ssp. wyomingensis, Poa secunda, Eriocoma thurberiana, Elymus elymoides, Phlox hoodii, Phlox longifolia, Linanthus sp.",NA,NA,NA,NA,NA,NA,NA,NA,NA,NA,NA,NA,NA,NA,NA,NA,NA,NA,NA,"Seeds of Success",NA
NA,NA,"Reed Clark Benkendorf","Linda Martin, Payton Lott",2846,2023-06-08,"06.08.2023",2023,6,8,NA,"Lupinus caudatus Kellogg","Kellogg",NA,"Fabaceae","RCB",2023-06-15,"Flora of Oregon",NA,NA,"U.S.A.","Oregon",NA,"2.1mi at 183° from Chickahominy rsvr.",NA,NA,43.5385,-119.6396,"+/- 5m'","WGS84",NA,"1,324","1,324",NA,NA,NA,NA,NA,NA,NA,"Alluvial fan",NA,"Artemisia tridentata ssp. wyomingensis, Pseudoroegneria spicata, Poa secunda",NA,NA,NA,NA,NA,NA,NA,NA,NA,NA,NA,NA,NA,NA,NA,NA,NA,NA,NA,"Seeds of Success",NA
NA,NA,"Reed Clark Benkendorf","Linda Martin, Payton Lott",2847,2023-06-09,"06.09.2023",2023,6,9,NA,"Penstemon deustus Douglas","Douglas",NA,"Plantaginaceae","RCB",2023-06-15,"Intermountain Flora",NA,NA,"U.S.A.","Oregon",NA,"0.9mi at 169° from Elliott cnyn.",NA,NA,43.5346,-119.3847,"+/- 5m'","WGS84",NA,"1,363","1,363",NA,NA,NA,NA,NA,NA,NA,"Basalt scablands",NA,"Artemisia arbuscula, Poa secunda, Eriogonum sphaerocephalum, Festuca idahoensis, Alyssum desertorum, Blepharippaus scaber, Crepis occidentalis",NA,NA,NA,NA,NA,NA,NA,NA,NA,NA,NA,NA,NA,NA,NA,NA,NA,NA,NA,"Seeds of Success",NA
NA,NA,"Reed Clark Benkendorf","Linda Martin, Payton Lott",2848,2023-06-10,"06.10.2023",2023,6,10,NA,"Erigeron linearis (Hook.) Piper","(Hook.) Piper",NA,"Asteraceae","RCB",2023-06-15,"Intermountain Flora",NA,NA,"U.S.A.","Oregon",NA,"1.1mi at 221° from Road lk.",NA,NA,43.0247,-118.6333,"+/- 5m'","WGS84",NA,"1,400","1,400",NA,NA,NA,NA,NA,NA,NA,"Gravelly lithosols on rim of a basalt mesa",NA,"Erigeron linearis, Lomatium cous, Balsamorhiza hookeri, Scuttelaria antirrhinoides, S. nana, Bromus tectorum, Penstemon deustus",NA,NA,NA,NA,NA,NA,NA,NA,NA,NA,NA,NA,NA,NA,NA,NA,NA,NA,NA,"Seeds of Success",NA
NA,NA,"Reed Clark Benkendorf","Linda Martin, Payton Lott",2849,2023-06-10,"06.10.2023",2023,6,10,NA,"Lomatium cous (S. Watson) J.M. Coult. & Rose","(S. Watson) J.M. Coult. & Rose",NA,"Apiaceae","RCB",2023-06-15,"Intermountain Flora",NA,NA,"U.S.A.","Oregon",NA,"1.1mi at 221° from Road lk.",NA,NA,43.0247,-118.6333,"+/- 5m'","WGS84",NA,"1,400","1,400",NA,NA,NA,NA,NA,NA,NA,"Gravelly lithosols on rim of a basalt mesa",NA,"Erigeron linearis, Lomatium cous, Balsamorhiza hookeri, Scuttelaria antirrhinoides, S. nana, Bromus tectorum, Penstemon deustus",NA,NA,NA,NA,NA,NA,NA,NA,NA,NA,NA,NA,NA,NA,NA,NA,NA,NA,NA,"Seeds of Success",NA
NA,NA,"Reed Clark Benkendorf","Linda Martin, Payton Lott",2850,2023-06-10,"06.10.2023",2023,6,10,NA,"Scutellaria nana A. Gray","A. Gray",NA,"Lamiaceae","RCB",2023-06-15,"Flora of the PNW",NA,NA,"U.S.A.","Oregon",NA,"1.1mi at 221° from Road lk.",NA,NA,43.0247,-118.6333,"+/- 5m'","WGS84",NA,"1,400","1,400",NA,NA,NA,NA,NA,NA,NA,"Gravelly lithosols on rim of a basalt mesa",NA,"Erigeron linearis, Lomatium cous, Balsamorhiza hookeri, Scuttelaria antirrhinoides, S. nana, Bromus tectorum, Penstemon deustus","Corolla creamy white-yellow",NA,NA,NA,NA,NA,NA,NA,NA,NA,NA,NA,NA,NA,NA,NA,NA,NA,NA,"Seeds of Success",NA
NA,NA,"Reed Clark Benkendorf","Linda Martin, Payton Lott",2851,2023-06-10,"06.10.2023",2023,6,10,NA,"Diplacus nanus (Hook. & Arn.) G.L. Nesom","(Hook. & Arn.) G.L. Nesom",NA,"Phrymaceae","RCB",2023-06-15,"Intermountain Flora",NA,NA,"U.S.A.","Oregon",NA,"1.1mi at 221° from Road lk.",NA,NA,43.0247,-118.6333,"+/- 5m'","WGS84",NA,"1,400","1,400",NA,NA,NA,NA,NA,NA,NA,"Gravelly lithosols on rim of a basalt mesa",NA,"Erigeron linearis, Lomatium cous, Balsamorhiza hookeri, Scuttelaria antirrhinoides, S. nana, Bromus tectorum, Penstemon deustus",NA,NA,NA,NA,NA,NA,NA,NA,NA,NA,NA,NA,NA,NA,NA,NA,NA,NA,NA,"Seeds of Success",NA
NA,NA,"Reed Clark Benkendorf","Linda Martin, Payton Lott",2852,2023-06-10,"06.10.2023",2023,6,10,NA,"Allium parvum Kellogg","Kellogg",NA,"Amaryllidaceae","RCB",2023-06-15,"Flora of Oregon",NA,NA,"U.S.A.","Oregon",NA,"1.1mi at 221° from Road lk.",NA,NA,43.0247,-118.6333,"+/- 5m'","WGS84",NA,"1,400","1,400",NA,NA,NA,NA,NA,NA,NA,"Gravelly lithosols on rim of a basalt mesa",NA,"Erigeron linearis, Lomatium cous, Balsamorhiza hookeri, Scuttelaria antirrhinoides, S. nana, Bromus tectorum, Penstemon deustus",NA,NA,NA,NA,NA,NA,NA,NA,NA,NA,NA,NA,NA,NA,NA,NA,NA,NA,NA,"Seeds of Success",NA
NA,NA,"Reed Clark Benkendorf","Linda Martin, Payton Lott",2853,2023-06-10,"06.10.2023",2023,6,10,NA,"Erythranthe breweri (Greene) G.L. Nesom & N.S. Fraga","(Greene) G.L. Nesom & N.S. Fraga",NA,"Phrymaceae","RCB",2023-06-15,"Intermountain Flora",NA,NA,"U.S.A.","Oregon",NA,"1.1mi at 221° from Road lk.",NA,NA,43.0247,-118.6333,"+/- 5m'","WGS84",NA,"1,400","1,400",NA,NA,NA,NA,NA,NA,NA,"Gravelly lithosols on rim of a basalt mesa",NA,"Erigeron linearis, Lomatium cous, Balsamorhiza hookeri, Scuttelaria antirrhinoides, S. nana, Bromus tectorum, Penstemon deustus",NA,NA,NA,NA,NA,NA,NA,NA,NA,NA,NA,NA,NA,NA,NA,NA,NA,NA,NA,"Seeds of Success",NA
NA,NA,"Reed Clark Benkendorf","Linda Martin, Payton Lott",2854,2023-06-10,"06.10.2023",2023,6,10,NA,"Dimeresia howellii A. Gray","A. Gray",NA,"Asteraceae","RCB",2023-06-15,"Intermountain Flora",NA,NA,"U.S.A.","Oregon",NA,"1.1mi at 221° from Road lk.",NA,NA,43.0247,-118.6333,"+/- 5m'","WGS84",NA,"1,400","1,400",NA,NA,NA,NA,NA,NA,NA,"Gravelly lithosols on rim of a basalt mesa",NA,"Erigeron linearis, Lomatium cous, Balsamorhiza hookeri, Scuttelaria antirrhinoides, S. nana, Bromus tectorum, Penstemon deustus",NA,NA,NA,NA,NA,NA,NA,NA,NA,NA,NA,NA,NA,NA,NA,NA,NA,NA,NA,"Seeds of Success",NA
NA,NA,"Reed Clark Benkendorf","Linda Martin, Payton Lott",2855,2023-06-10,"06.10.2023",2023,6,10,NA,"Valerianella locusta (L.) Laterr.","(L.) Laterr.",NA,"Haloragaceae","RCB",2023-06-15,"Intermountain Flora",NA,NA,"U.S.A.","Oregon",NA,"1.1mi at 221° from Road lk.",NA,NA,43.0247,-118.6333,"+/- 5m'","WGS84",NA,"1,400","1,400",NA,NA,NA,NA,NA,NA,NA,"Gravelly lithosols on rim of a basalt mesa",NA,"Erigeron linearis, Lomatium cous, Balsamorhiza hookeri, Scuttelaria antirrhinoides, S. nana, Bromus tectorum, Penstemon deustus",NA,NA,NA,NA,NA,NA,NA,NA,NA,NA,NA,NA,NA,NA,NA,NA,NA,NA,NA,"Seeds of Success",NA
NA,NA,"Reed Clark Benkendorf","Linda Martin, Payton Lott",2856,2023-06-10,"06.10.2023",2023,6,10,NA,"Agoseris heterophylla (Nutt.) Greene","(Nutt.) Greene",NA,"Asteraceae","RCB",2023-06-15,"Intermountain Flora",NA,NA,"U.S.A.","Oregon",NA,"1.1mi at 221° from Road lk.",NA,NA,43.0247,-118.6333,"+/- 5m'","WGS84",NA,"1,400","1,400",NA,NA,NA,NA,NA,NA,NA,"Gravelly lithosols on rim of a basalt mesa",NA,"Erigeron linearis, Lomatium cous, Balsamorhiza hookeri, Scuttelaria antirrhinoides, S. nana, Bromus tectorum, Penstemon deustus",NA,NA,NA,NA,NA,NA,NA,NA,NA,NA,NA,NA,NA,NA,NA,NA,NA,NA,NA,"Seeds of Success",NA
NA,NA,"Reed Clark Benkendorf","Linda Martin, Payton Lott",2857,2023-06-10,"06.10.2023",2023,6,10,NA,"Phacelia linearis (Pursh) Holz.","(Pursh) Holz.",NA,"Hydrophyllaceae","RCB",2023-06-15,"Intermountain Flora",NA,NA,"U.S.A.","Oregon",NA,"1.1mi at 221° from Road lk.",NA,NA,43.0247,-118.6333,"+/- 5m'","WGS84",NA,"1,400","1,400",NA,NA,NA,NA,NA,NA,NA,"Gravelly lithosols on rim of a basalt mesa",NA,"Erigeron linearis, Lomatium cous, Balsamorhiza hookeri, Scuttelaria antirrhinoides, S. nana, Bromus tectorum, Penstemon deustus",NA,NA,NA,NA,NA,NA,NA,NA,NA,NA,NA,NA,NA,NA,NA,NA,NA,NA,NA,"Seeds of Success",NA
NA,NA,"Reed Clark Benkendorf","Linda Martin, Payton Lott",2858,2023-06-10,"06.10.2023",2023,6,10,NA,"Lomatium triternatum (Pursh) J.M. Coult. & Rose","(Pursh) J.M. Coult. & Rose",NA,"Apiaceae","RCB",2023-06-15,NA,NA,NA,"U.S.A.","Oregon",NA,"3mi at 76° from Kueny cnyn.",NA,NA,42.6927,-118.9401,"+/- 5m'","WGS84",NA,"1,630","1,630",NA,NA,NA,NA,NA,NA,NA,"Open slightly rocky sage-juniper meadow",NA,"Artemisia tridentata var. wyomingensis, Juniperus occidentalis, Poa secunda, Crepis intermedia, P. bulbosa, Blepharipappus scaber, Lappula sp., Eremogone sp., Bromus tectorum, Eriophyllum lanatum, Penstemon deustus",NA,NA,NA,NA,NA,NA,NA,NA,NA,NA,NA,NA,NA,NA,NA,NA,NA,NA,NA,"Seeds of Success",NA
NA,NA,"Reed Clark Benkendorf","Linda Martin, Payton Lott",2859,2023-06-10,"06.10.2023",2023,6,10,NA,"Eremogone kingii (S. Watson) Ikonn. var. glabrescens (S. Watson) Dorn","(S. Watson) Dorn",NA,"Caryophyllaceae","RCB",2023-06-15,NA,NA,NA,"U.S.A.","Oregon",NA,"3mi at 76° from Kueny cnyn.",NA,NA,42.6927,-118.9401,"+/- 5m'","WGS84",NA,"1,630","1,630",NA,NA,NA,NA,NA,NA,NA,"Open slightly rocky sage-juniper meadow",NA,"Artemisia tridentata var. wyomingensis, Juniperus occidentalis, Poa secunda, Crepis intermedia, P. bulbosa, Blepharipappus scaber, Lappula sp., Eremogone sp., Bromus tectorum, Eriophyllum lanatum, Penstemon deustus",NA,NA,NA,NA,NA,NA,NA,NA,NA,NA,NA,NA,NA,NA,NA,NA,NA,NA,NA,"Seeds of Success",NA
NA,NA,"Reed Clark Benkendorf","Linda Martin, Payton Lott",2860,2023-06-10,"06.10.2023",2023,6,10,NA,"Clarkia breweri (A. Gray) Greene","(A. Gray) Greene",NA,"Onagraceae","RCB",2023-06-15,NA,NA,NA,"U.S.A.","Oregon",NA,"3mi at 76° from Kueny cnyn.",NA,NA,42.6927,-118.9401,"+/- 5m'","WGS84",NA,"1,630","1,630",NA,NA,NA,NA,NA,NA,NA,"Open slightly rocky sage-juniper meadow",NA,"Artemisia tridentata var. wyomingensis, Juniperus occidentalis, Poa secunda, Crepis intermedia, P. bulbosa, Blepharipappus scaber, Lappula sp., Eremogone sp., Bromus tectorum, Eriophyllum lanatum, Penstemon deustus",NA,NA,NA,NA,NA,NA,NA,NA,NA,NA,NA,NA,NA,NA,NA,NA,NA,NA,NA,"Seeds of Success",NA
NA,NA,"Reed Clark Benkendorf","Linda Martin, Payton Lott",2861,2023-06-10,"06.10.2023",2023,6,10,NA,"Penstemon rydbergii A. Nelson var. rydbergii","A. Nelson",NA,"Plantaginaceae","RCB",2023-06-15,NA,NA,NA,"U.S.A.","Oregon",NA,"3mi at 76° from Kueny cnyn.",NA,NA,42.6927,-118.9401,"+/- 5m'","WGS84",NA,"1,630","1,630",NA,NA,NA,NA,NA,NA,NA,"Open slightly rocky sage-juniper meadow",NA,"Artemisia tridentata var. wyomingensis, Juniperus occidentalis, Poa secunda, Crepis intermedia, P. bulbosa, Blepharipappus scaber, Lappula sp., Eremogone sp., Bromus tectorum, Eriophyllum lanatum, Penstemon deustus",NA,NA,NA,NA,NA,NA,NA,NA,NA,NA,NA,NA,NA,NA,NA,NA,NA,NA,NA,"Seeds of Success",NA
NA,NA,"Reed Clark Benkendorf","Linda Martin, Payton Lott",2862,2023-06-10,"06.10.2023",2023,6,10,NA,"Poa secunda J. Presl","J. Presl",NA,"Poaceae","RCB",2023-06-15,NA,NA,NA,"U.S.A.","Oregon",NA,"3.5mi at 87° from Roaring Springs.",NA,NA,42.6651,-118.9185,"+/- 5m'","WGS84",NA,"1,681","1,681",NA,NA,NA,NA,NA,NA,NA,"Open slightly rocky sage-juniper meadow",NA,"Artemisia tridentata var. wyomingensis, Juniperus occidentalis, Poa secunda, Festuca idahoensis, Poa bulbosa, Microsteris sp., Agoseris sp.",NA,NA,NA,NA,NA,NA,NA,NA,NA,NA,NA,NA,NA,NA,NA,NA,NA,NA,NA,"Seeds of Success",NA
NA,NA,"Reed Clark Benkendorf","Linda Martin, Payton Lott",2863,2023-06-10,"06.10.2023",2023,6,10,NA,"Crepis intermedia A. Gray","A. Gray",NA,"Asteraceae","RCB",2023-06-15,"Intermountain Flora",NA,NA,"U.S.A.","Oregon",NA,"3mi at 76° from Kueny cnyn.",NA,NA,42.6927,-118.9401,"+/- 5m'","WGS84",NA,"1,630","1,630",NA,NA,NA,NA,NA,NA,NA,"Open slightly rocky sage-juniper meadow",NA,"Artemisia tridentata var. wyomingensis, Juniperus occidentalis, Poa secunda, Crepis intermedia, P. bulbosa, Blepharipappus scaber, Lappula sp., Eremogone sp., Bromus tectorum, Eriophyllum lanatum, Penstemon deustus",NA,NA,NA,NA,NA,NA,NA,NA,NA,NA,NA,NA,NA,NA,NA,NA,NA,NA,NA,"Seeds of Success",NA
NA,NA,"Reed Clark Benkendorf","Linda Martin, Payton Lott",2864,2023-06-10,"06.10.2023",2023,6,10,NA,"Phacelia heterophylla Pursh","Pursh",NA,"Hydrophyllaceae","RCB",2023-06-15,"Intermountain Flora",NA,NA,"U.S.A.","Oregon",NA,"3.2mi at 77° from Kueny cnyn.",NA,NA,42.692,-118.9367,"+/- 5m'","WGS84",NA,"1,617","1,617",NA,NA,NA,NA,NA,NA,NA,"Stable basalt ledges and talus slopes",NA,"Artemisia tridentata var. wyomingensis, Juniperus occidentalis, Poa secunda, Lupinus sp., Bromus tectorum, Lomatium triternatum",NA,NA,NA,NA,NA,NA,NA,NA,NA,NA,NA,NA,NA,NA,NA,NA,NA,NA,NA,"Seeds of Success",NA
NA,NA,"Reed Clark Benkendorf","Linda Martin, Payton Lott",2865,2023-06-11,"06.11.2023",2023,6,11,NA,"Eriocoma thurberiana (Piper) Romasch.","(Piper) Romasch.",NA,"Poaceae","RCB",2023-06-15,NA,NA,NA,"U.S.A.","Oregon",NA,"0.7mi at 235° from South fk. Ryegrass crk.",NA,NA,42.9831,-118.0786,"+/- 5m'","WGS84",NA,"1,376","1,376",NA,NA,NA,NA,NA,NA,NA,"Lithosols derived from lava flows",NA,"Artemisia tridentata var. wyomingensis, Eriocoma thurberiana, Pseudoroegneria spicata, Poa secunda, Elymus elymoides, Crepis intermedia, Crepis occidentalis, Castilleja chromosa, Eriogonum ovalifolium",NA,NA,NA,NA,NA,NA,NA,NA,NA,NA,NA,NA,NA,NA,NA,NA,NA,NA,NA,"Seeds of Success",NA
NA,NA,"Reed Clark Benkendorf","Linda Martin, Payton Lott",2866,2023-06-11,"06.11.2023",2023,6,11,NA,"Elymus elymoides (Raf.) Swezey","(Raf.) Swezey",NA,"Poaceae","RCB",2023-06-15,NA,NA,NA,"U.S.A.","Oregon",NA,"0.7mi at 235° from South fk. Ryegrass crk.",NA,NA,42.9831,-118.0786,"+/- 5m'","WGS84",NA,"1,376","1,376",NA,NA,NA,NA,NA,NA,NA,"Lithosols derived from lava flows",NA,"Artemisia tridentata var. wyomingensis, Eriocoma thurberiana, Pseudoroegneria spicata, Poa secunda, Elymus elymoides, Crepis intermedia, Crepis occidentalis, Castilleja chromosa, Eriogonum ovalifolium",NA,NA,NA,NA,NA,NA,NA,NA,NA,NA,NA,NA,NA,NA,NA,NA,NA,NA,NA,"Seeds of Success",NA
NA,NA,"Reed Clark Benkendorf","Linda Martin, Payton Lott",2867,2023-06-11,"06.11.2023",2023,6,11,NA,"Erigeron chrysopsidis A. Gray var. austiniae (Greene) G.L. Nesom","(Greene) G.L. Nesom",NA,"Asteraceae","RCB",2023-06-15,"Flora of Oregon",NA,NA,"U.S.A.","Oregon",NA,"0.7mi at 235° from South fk. Ryegrass crk.",NA,NA,42.9831,-118.0786,"+/- 5m'","WGS84",NA,"1,376","1,376",NA,NA,NA,NA,NA,NA,NA,"Lithosols derived from lava flows",NA,"Artemisia tridentata var. wyomingensis, Eriocoma thurberiana, Pseudoroegneria spicata, Poa secunda, Elymus elymoides, Crepis intermedia, Crepis occidentalis, Castilleja chromosa, Eriogonum ovalifolium",NA,NA,NA,NA,NA,NA,NA,NA,NA,NA,NA,NA,NA,NA,NA,NA,NA,NA,NA,"Seeds of Success",NA
NA,NA,"Reed Clark Benkendorf","Linda Martin, Payton Lott",2868,2023-06-11,"06.11.2023",2023,6,11,NA,"Pseudoroegneria spicata (Pursh) Á.Löve","(Pursh) Á.Löve",NA,"Poaceae","RCB",2023-06-15,NA,NA,NA,"U.S.A.","Oregon",NA,"0.7mi at 235° from South fk. Ryegrass crk.",NA,NA,42.9831,-118.0786,"+/- 5m'","WGS84",NA,"1,376","1,376",NA,NA,NA,NA,NA,NA,NA,"Lithosols derived from lava flows",NA,"Artemisia tridentata var. wyomingensis, Eriocoma thurberiana, Pseudoroegneria spicata, Poa secunda, Elymus elymoides, Crepis intermedia, Crepis occidentalis, Castilleja chromosa, Eriogonum ovalifolium",NA,NA,NA,NA,NA,NA,NA,NA,NA,NA,NA,NA,NA,NA,NA,NA,NA,NA,NA,"Seeds of Success",NA
NA,NA,"Reed Clark Benkendorf","Linda Martin, Payton Lott",2869,2023-06-11,"06.11.2023",2023,6,11,NA,"Allium nevadense S. Watson","S. Watson",NA,"Amaryllidaceae","RCB",2023-06-15,"Flora of Oregon",NA,NA,"U.S.A.","Oregon",NA,"0.5mi at 139° from Small Butte.",NA,NA,42.9432,-118.1228,"+/- 5m'","WGS84",NA,"1,595","1,595",NA,NA,NA,NA,NA,NA,NA,"Thin soil areas on steep slopes",NA,"Artemisia tridentata var. wyomingensis, Eriocoma thurberiana, Poa secunda, Lupinus sp., Erigeron linearis, Leymus cinereus, Astragalus filipes",NA,NA,NA,NA,NA,NA,NA,NA,NA,NA,NA,NA,NA,NA,NA,NA,NA,NA,NA,"Seeds of Success",NA
NA,NA,"Reed Clark Benkendorf","Linda Martin, Payton Lott",2870,2023-06-11,"06.11.2023",2023,6,11,NA,"Leymus cinereus (Scribn. & Merr.) Á.Löve","(Scribn. & Merr.) Á.Löve",NA,"Poaceae","RCB",2023-06-15,NA,NA,NA,"U.S.A.","Oregon",NA,"0.5mi at 123° from Small Butte.",NA,NA,42.9445,-118.1205,"+/- 5m'","WGS84",NA,"1,582","1,582",NA,NA,NA,NA,NA,NA,NA,"Toe of slopes and hillsides",NA,"Artemisia tridentata var. wyomingensis, Eriocoma thurberiana, Poa secunda, Lupinus sp., Erigeron linearis, Leymus cinereus, Astragalus filipes",NA,NA,NA,NA,NA,NA,NA,NA,NA,NA,NA,NA,NA,NA,NA,NA,NA,NA,NA,"Seeds of Success",NA
NA,NA,"Reed Clark Benkendorf","Linda Martin, Payton Lott",2871,2023-06-11,"06.11.2023",2023,6,11,NA,"Astragalus filipes Torr. ex A. Gray","Torr. ex A. Gray",NA,"Fabaceae","RCB",2023-06-15,NA,NA,NA,"U.S.A.","Oregon",NA,"0.6mi at 75° from Warm Springs crk.",NA,NA,43.9442,-118.1205,"+/- 5m'","WGS84",NA,"1,093","1,093",NA,NA,NA,NA,NA,NA,NA,"Toe of slopes and hillsides",NA,"Artemisia tridentata var. wyomingensis, Eriocoma thurberiana, Poa secunda, Lupinus sp., Erigeron linearis, Leymus cinereus, Astragalus filipes",NA,NA,NA,NA,NA,NA,NA,NA,NA,NA,NA,NA,NA,NA,NA,NA,NA,NA,NA,"Seeds of Success",NA
NA,NA,"Reed Clark Benkendorf","Payton Lott",2872,2023-06-12,"06.12.2023",2023,6,12,NA,"Penstemon speciosus Douglas","Douglas",NA,"Plantaginaceae","RCB",2023-06-15,"Jepson Eflora",NA,NA,"U.S.A.","Oregon",NA,"0.5mi at 286° from South fk. Ryegrass crk.",NA,NA,42.9908,-118.0776,"+/- 5m'","WGS84",NA,"1,365","1,365",NA,NA,NA,NA,NA,NA,NA,"Silty basalt flows.",NA,"Artemisia tridentata ssp. wyomingensis, Grayia spinosa, Eriocoma thurberiana, Pseudoroegneria spicata, Crepis intermedia, Erigeron linearis, Allium sp., Eriogonum ovalifolium","Corolla light purple-blue",NA,NA,NA,NA,NA,NA,NA,NA,NA,NA,NA,NA,NA,NA,NA,NA,NA,NA,"Seeds of Success",NA
NA,NA,"Reed Clark Benkendorf",NA,2913,2023-07-27,"07.27.2023",2023,7,27,NA,"Eriogonum heracleoides Nutt. var.  heracleoides","Nutt.",NA,"Polygonaceae","RCB",2023-08-28,"Intermountain Flora",NA,NA,"U.S.A.","Oregon",NA,"1.4mi at 355° from Big Indian crk.",NA,NA,42.673,-118.6911,"+/- 5m'","WGS84",NA,"2,239","2,239",NA,NA,NA,NA,NA,NA,NA,"Sage meadows amid mixed mahogany forest",NA,"Artemisia tridentata, Symphoricarpos sp., Bromus sitchensis, Elymus elymoides, Eriocoma occidentalis var. californica, Leptosiphon nuttallii, Eriogonum umbellatum, Eriogonum heracleoides",NA,NA,NA,NA,NA,NA,NA,NA,NA,NA,NA,NA,NA,NA,NA,NA,NA,NA,NA,"Seeds of Success",NA
NA,NA,"Reed Clark Benkendorf",NA,2914,2023-07-27,"07.27.2023",2023,7,27,NA,"Eriogonum umbellatum Torr. var.  modocense (Greene) S. Stokes","(Greene) S. Stokes",NA,"Polygonaceae","RCB",2023-08-28,"Intermountain Flora",NA,NA,"U.S.A.","Oregon",NA,"1.4mi at 355° from Big Indian crk.",NA,NA,42.673,-118.6911,"+/- 5m'","WGS84",NA,"2,239","2,239",NA,NA,NA,NA,NA,NA,NA,"Sage meadows amid mixed mahogany forest",NA,"Artemisia tridentata, Symphoricarpos sp., Bromus sitchensis, Elymus elymoides, Achantherum occidentalis var. californica, Leptosiphon nuttallii, Eriogonum umbellatum, Eriogonum heracleoides",NA,NA,NA,NA,NA,NA,NA,NA,NA,NA,NA,NA,NA,NA,NA,NA,NA,NA,NA,"Seeds of Success",NA
NA,NA,"Reed Clark Benkendorf",NA,2915,2023-07-27,"07.27.2023",2023,7,27,NA,"Phacelia hastata Douglas ex Lehm. var.  hastata","Douglas ex Lehm.",NA,"Hydrophyllaceae","RCB",2023-08-28,"Intermountain Flora",NA,NA,"U.S.A.","Oregon",NA,"1.4mi at 355° from Big Indian crk.",NA,NA,42.673,-118.6911,"+/- 5m'","WGS84",NA,"2,239","2,239",NA,NA,NA,NA,NA,NA,NA,"Sage meadows amid mixed mahogany forest",NA,"Artemisia tridentata, Symphoricarpos sp., Bromus sitchensis, Elymus elymoides, Achantherum occidentalis var. californica, Leptosiphon nuttallii, Eriogonum umbellatum, Eriogonum heracleoides",NA,NA,NA,NA,NA,NA,NA,NA,NA,NA,NA,NA,NA,NA,NA,NA,NA,NA,NA,"Seeds of Success",NA
NA,NA,"Reed Clark Benkendorf",NA,2916,2023-07-27,"07.27.2023",2023,7,27,NA,"Erigeron speciosus (Lindl.) DC.","(Lindl.) DC.",NA,"Asteraceae","RCB",2023-08-28,"Intermountain Flora",NA,NA,"U.S.A.","Oregon",NA,"1.4mi at 355° from Big Indian crk.",NA,NA,42.673,-118.6911,"+/- 5m'","WGS84",NA,"2,239","2,239",NA,NA,NA,NA,NA,NA,NA,"Sage meadows amid mixed mahogany forest",NA,"Artemisia tridentata, Symphoricarpos sp., Bromus sitchensis, Elymus elymoides, Achantherum occidentalis var. californica, Leptosiphon nuttallii, Eriogonum umbellatum, Eriogonum heracleoides",NA,NA,NA,NA,NA,NA,NA,NA,NA,NA,NA,NA,NA,NA,NA,NA,NA,NA,NA,"Seeds of Success",NA
NA,NA,"Reed Clark Benkendorf",NA,2917,2023-07-27,"07.27.2023",2023,7,27,NA,"Bromus sitchensis Trin. var. marginatus (Piper) Otting and R.E. Brainerd","(Piper) Otting and R.E. Brainerd",NA,"Poaceae","RCB",2023-08-28,"Intermountain Flora",NA,NA,"U.S.A.","Oregon",NA,"1.4mi at 355° from Big Indian crk.",NA,NA,42.673,-118.6911,"+/- 5m'","WGS84",NA,"2,239","2,239",NA,NA,NA,NA,NA,NA,NA,"Sage meadows amid mixed mahogany forest",NA,"Artemisia tridentata, Symphoricarpos sp., Bromus sitchensis, Elymus elymoides, Achantherum occidentalis var. californica, Leptosiphon nuttallii, Eriogonum umbellatum, Eriogonum heracleoides",NA,NA,NA,NA,NA,NA,NA,NA,NA,NA,NA,NA,NA,NA,NA,NA,NA,NA,NA,"Seeds of Success",NA
NA,NA,"Reed Clark Benkendorf",NA,2918,2023-07-27,"07.27.2023",2023,7,27,NA,"Orthocarpus cuspidatus Greene var. cryptanthus (Piper) T.I. Chuang & Heckard","(Piper) T.I. Chuang & Heckard",NA,"Orobanchaceae","RCB",2023-08-28,"Intermountain Flora",NA,NA,"U.S.A.","Oregon",NA,"1.4mi at 355° from Big Indian crk.",NA,NA,42.673,-118.6911,"+/- 5m'","WGS84",NA,"2,239","2,239",NA,NA,NA,NA,NA,NA,NA,"Sage meadows amid mixed mahogany forest",NA,"Artemisia tridentata, Symphoricarpos sp., Bromus sitchensis, Elymus elymoides, Achantherum occidentalis var. californica, Leptosiphon nuttallii, Eriogonum umbellatum, Eriogonum heracleoides",NA,NA,NA,NA,NA,NA,NA,NA,NA,NA,NA,NA,NA,NA,NA,NA,NA,NA,NA,"Seeds of Success",NA
NA,NA,"Reed Clark Benkendorf",NA,2919,2023-07-27,"07.27.2023",2023,7,27,NA,"Eriocoma occidentalis (Thurb. ex S. Watson) subsp.  californica (Merr. & Burtt Davy) Romasch.","(Merr. & Burtt Davy) Romasch.",NA,"Poaceae","RCB",2023-08-28,"Intermountain Flora",NA,NA,"U.S.A.","Oregon",NA,"1.4mi at 355° from Big Indian crk.",NA,NA,42.673,-118.6911,"+/- 5m'","WGS84",NA,"2,239","2,239",NA,NA,NA,NA,NA,NA,NA,"Sage meadows amid mixed mahogany forest",NA,"Artemisia tridentata, Symphoricarpos sp., Bromus sitchensis, Elymus elymoides, Achantherum occidentalis var. californica, Leptosiphon nuttallii, Eriogonum umbellatum, Eriogonum heracleoides",NA,NA,NA,NA,NA,NA,NA,NA,NA,NA,NA,NA,NA,NA,NA,NA,NA,NA,NA,"Seeds of Success",NA
NA,NA,"Reed Clark Benkendorf",NA,2920,2023-07-27,"07.27.2023",2023,7,27,NA,"Leptosiphon nuttallii (A. Gray) J.M. Porter & L.A. Johnson subsp. nuttallii","(A. Gray) J.M. Porter & L.A. Johnson",NA,"Caryophyllaceae","RCB",2023-08-28,"Intermountain Flora",NA,NA,"U.S.A.","Oregon",NA,"1.4mi at 355° from Big Indian crk.",NA,NA,42.673,-118.6911,"+/- 5m'","WGS84",NA,"2,239","2,239",NA,NA,NA,NA,NA,NA,NA,"Sage meadows amid mixed mahogany forest",NA,"Artemisia tridentata, Symphoricarpos sp., Bromus sitchensis, Elymus elymoides, Achantherum occidentalis var. californica, Leptosiphon nuttallii, Eriogonum umbellatum, Eriogonum heracleoides",NA,NA,NA,NA,NA,NA,NA,NA,NA,NA,NA,NA,NA,NA,NA,NA,NA,NA,NA,"Seeds of Success",NA
NA,NA,"Reed Clark Benkendorf",NA,2921,2023-07-27,"07.27.2023",2023,7,27,NA,"Eriogonum heracleoides Nutt. var. heracleoides","Nutt.",NA,"Polygonaceae","RCB",2023-08-28,"Intermountain Flora",NA,NA,"U.S.A.","Oregon",NA,"0.7mi at 33° from Corral crk.",NA,NA,42.7581,-118.7203,"+/- 5m'","WGS84",NA,"1,989","1,989",NA,NA,NA,NA,NA,NA,NA,"Sage meadows",NA,"Artemisia tridentata, Elymus elymoides, Festuca idahoensis, Poa secunda, Symphoricarpos sp., Bromus sp., Poa bulbosa, Androsace sp.",NA,NA,NA,NA,NA,NA,NA,NA,NA,NA,NA,NA,NA,NA,NA,NA,NA,NA,NA,"Seeds of Success",NA
NA,NA,"Reed Clark Benkendorf",NA,2922,2023-07-27,"07.27.2023",2023,7,27,NA,"Bromus sitchensis Trin. var. marginatus (Piper) Otting and R.E. Brainerd","(Piper) Otting and R.E. Brainerd",NA,"Poaceae","RCB",2023-08-28,"Intermountain Flora",NA,NA,"U.S.A.","Oregon",NA,"0.7mi at 33° from Corral crk.",NA,NA,42.7581,-118.7203,"+/- 5m'","WGS84",NA,"1,989","1,989",NA,NA,NA,NA,NA,NA,NA,"Sage meadows",NA,"Artemisia tridentata, Elymus elymoides, Festuca idahoensis, Poa secunda, Symphoricarpos sp., Bromus sp., Poa bulbosa, Androsace sp.",NA,NA,NA,NA,NA,NA,NA,NA,NA,NA,NA,NA,NA,NA,NA,NA,NA,NA,NA,"Seeds of Success",NA
NA,NA,"Reed Clark Benkendorf",NA,2923,2023-07-27,"07.27.2023",2023,7,27,NA,"Elymus elymoides (Raf.) Swezey","(Raf.) Swezey",NA,"Poaceae","RCB",2023-08-28,"Intermountain Flora",NA,NA,"U.S.A.","Oregon",NA,"0.7mi at 33° from Corral crk.",NA,NA,42.7581,-118.7203,"+/- 5m'","WGS84",NA,"1,989","1,989",NA,NA,NA,NA,NA,NA,NA,"Sage meadows",NA,"Artemisia tridentata, Elymus elymoides, Festuca idahoensis, Poa secunda, Symphoricarpos sp., Bromus sp., Poa bulbosa, Androsace sp.",NA,NA,NA,NA,NA,NA,NA,NA,NA,NA,NA,NA,NA,NA,NA,NA,NA,NA,NA,"Seeds of Success",NA
NA,NA,"Reed Clark Benkendorf",NA,2928,2023-08-17,"08.17.2023",2023,8,17,NA,"Ericameria greenei (A. Gray) G.L. Nesom","(A. Gray) G.L. Nesom",NA,"Asteraceae","RCB",2023-08-20,"Intermountain Flora",NA,NA,"U.S.A.","Oregon",NA,"1.5mi at 349° from Big Indian crk.",NA,NA,42.6734,-118.6943,"+/- 5m'","WGS84",NA,"2,210","2,210",NA,NA,NA,NA,NA,NA,NA,"Sage meadows amid mixed mahogany forest",NA,"Cercocarpus ledifolius, Artemisia tridentata, Symphoricarpos sp., Bromus sitchensis, Elymus elymoides, Eriogonum heracleoides, E. umbellatum",NA,NA,NA,NA,NA,NA,NA,NA,NA,NA,NA,NA,NA,NA,NA,NA,NA,NA,NA,"Seeds of Success",NA
NA,NA,"Reed Clark Benkendorf",NA,2929,2023-08-17,"08.17.2023",2023,8,17,NA,"Cercocarpus ledifolius Nutt.","Nutt.",NA,"Rosaceae","RCB",2023-08-20,"Intermountain Flora",NA,NA,"U.S.A.","Oregon",NA,"1.5mi at 349° from Big Indian crk.",NA,NA,42.6734,-118.6943,"+/- 5m'","WGS84",NA,"2,210","2,210",NA,NA,NA,NA,NA,NA,NA,"Sage meadows amid mixed mahogany forest",NA,"Cercocarpus ledifolius, Artemisia tridentata, Symphoricarpos sp., Bromus sitchensis, Elymus elymoides, Eriogonum heracleoides, E. umbellatum",NA,NA,NA,NA,NA,NA,NA,NA,NA,NA,NA,NA,NA,NA,NA,NA,NA,NA,NA,"Seeds of Success",NA
NA,NA,"Reed Clark Benkendorf",NA,2930,2023-08-17,"08.17.2023",2023,8,17,NA,"Ceanothus velutinus Douglas ex Hook.","Douglas ex Hook.",NA,"Rhamnaceae","RCB",2023-08-20,"Intermountain Flora",NA,NA,"U.S.A.","Oregon",NA,"1.5mi at 349° from Big Indian crk.",NA,NA,42.6734,-118.6943,"+/- 5m'","WGS84",NA,"2,210","2,210",NA,NA,NA,NA,NA,NA,NA,"Sage meadows amid mixed mahogany forest",NA,"Cercocarpus ledifolius, Artemisia tridentata, Symphoricarpos sp., Bromus sitchensis, Elymus elymoides, Eriogonum heracleoides, E. umbellatum",NA,NA,NA,NA,NA,NA,NA,NA,NA,NA,NA,NA,NA,NA,NA,NA,NA,NA,NA,"Seeds of Success",NA
NA,NA,"Reed Clark Benkendorf",NA,2931,2023-08-17,"08.17.2023",2023,8,17,NA,NA,NA,NA,NA,"RCB",2023-08-20,"Intermountain Flora",NA,NA,"U.S.A.","Oregon",NA,"1.5mi at 349° from Big Indian crk.",NA,NA,42.6734,-118.6943,"+/- 5m'","WGS84",NA,"2,210","2,210",NA,NA,NA,NA,NA,NA,NA,"Sage meadows amid mixed mahogany forest",NA,"Cercocarpus ledifolius, Artemisia tridentata, Symphoricarpos sp., Bromus sitchensis, Elymus elymoides, Eriogonum heracleoides, E. umbellatum",NA,NA,NA,NA,NA,NA,NA,NA,NA,NA,NA,NA,NA,NA,NA,NA,NA,NA,NA,"Seeds of Success",NA
NA,NA,"Reed Clark Benkendorf",NA,2932,2023-08-17,"08.17.2023",2023,8,17,NA,"Artemisia arbuscula Nutt.","Nutt.",NA,"Asteraceae","RCB",2023-08-20,"Intermountain Flora",NA,NA,"U.S.A.","Oregon",NA,"1.5mi at 349° from Big Indian crk.",NA,NA,42.6734,-118.6943,"+/- 5m'","WGS84",NA,"2,210","2,210",NA,NA,NA,NA,NA,NA,NA,"Sage meadows amid mixed mahogany forest",NA,"Cercocarpus ledifolius, Artemisia tridentata, Symphoricarpos sp., Bromus sitchensis, Elymus elymoides, Eriogonum heracleoides, E. umbellatum",NA,NA,NA,NA,NA,NA,NA,NA,NA,NA,NA,NA,NA,NA,NA,NA,NA,NA,NA,"Seeds of Success",NA
NA,NA,"Reed Clark Benkendorf",NA,2933,2023-08-17,"08.17.2023",2023,8,17,NA,"Holodiscus discolor (Pursh) Maxim. var. glabrescens (Greenm.) Jeps.","(Greenm.) Jeps.",NA,"Rosaceae","RCB",2023-08-20,"Intermountain Flora",NA,NA,"U.S.A.","Oregon",NA,"1.5mi at 349° from Big Indian crk.",NA,NA,42.6734,-118.6943,"+/- 5m'","WGS84",NA,"2,210","2,210",NA,NA,NA,NA,NA,NA,NA,"Sage meadows amid mixed mahogany forest",NA,"Cercocarpus ledifolius, Artemisia tridentata, Symphoricarpos sp., Bromus sitchensis, Elymus elymoides, Eriogonum heracleoides, E. umbellatum",NA,NA,NA,NA,NA,NA,NA,NA,NA,NA,NA,NA,NA,NA,NA,NA,NA,NA,NA,"Seeds of Success",NA
NA,NA,"Logan Rees","Linda Martin",1,2023-06-20,"6.20.2023",2023,6,20,NA,"Astragalus filipes Torr. ex A. Gray","Torr. ex A. Gray",NA,"Fabaceae","R.C. Benkendorf",2023-08-31,"Intermountain Flora",NA,NA,"U.S.A.","Oregon",NA,"0.9mi at 228° from Road lk.",NA,NA,43.0276,-118.633,"+/- 5m'","WGS84",NA,"1,415","1,415",NA,NA,NA,NA,NA,NA,NA,"Gravelly lithosols on rim of a basalt mesa",NA,"Erigeron linearis, Lomatium cous, Balsamorhiza hookeri, Scuttelaria antirrhinoides, S. nana, Bromus tectorum, Penstemon deustus",NA,NA,NA,NA,NA,NA,NA,NA,NA,NA,NA,NA,NA,NA,NA,NA,NA,NA,NA,"Seeds of Success",NA
NA,NA,"Logan Rees","Linda Martin",2,2023-06-20,"6.20.2023",2023,6,20,NA,"Sphaeralcea munroana (Douglas ex Lindl) Spach","(Douglas ex Lindl.) Spach",NA,"Malvaceae","R.C. Benkendorf",2023-08-31,"Intermountain Flora",NA,NA,"U.S.A.","Oregon",NA,"0.9mi at 228° from Road lk.",NA,NA,43.0276,-118.633,"+/- 5m'","WGS84",NA,"1,415","1,415",NA,NA,NA,NA,NA,NA,NA,"Gravelly lithosols on rim of a basalt mesa",NA,"Erigeron linearis, Lomatium cous, Balsamorhiza hookeri, Scuttelaria antirrhinoides, S. nana, Bromus tectorum, Penstemon deustus",NA,NA,NA,NA,NA,NA,NA,NA,NA,NA,NA,NA,NA,NA,NA,NA,NA,NA,NA,"Seeds of Success",NA
NA,NA,"Logan Rees","Linda Martin",3,2023-06-27,"6.27.2023",2023,6,27,NA,"Sphaeralcea munroana (Douglas ex Lindl) Spach","(Douglas ex Lindl.) Spach",NA,"Malvaceae","R.C. Benkendorf",2023-08-31,"Intermountain Flora",NA,NA,"U.S.A.","Oregon",NA,"0.4mi at 85° from Palomino lk.",NA,NA,42.899,-117.9342,"+/- 5m'","WGS84",NA,"1,261","1,261",NA,NA,NA,NA,NA,NA,NA,"Rim of dry lake, lithosols derived from lava flows",NA,"Artemisia tridentata, Poa secunda, Erigeron linearis, Astragalus curvicarpus",NA,NA,NA,NA,NA,NA,NA,NA,NA,NA,NA,NA,NA,NA,NA,NA,NA,NA,NA,"Seeds of Success",NA
NA,NA,"Logan Rees","Linda Martin",4,2023-06-29,"6.29.2023",2023,6,29,NA,"Eriogonum sphaerocephalum Douglas ex Benth.","Douglas ex Benth.",NA,"Polygonaceae","R.C. Benkendorf",2023-08-31,"Intermountain Flora",NA,NA,"U.S.A.","Oregon",NA,"1.2mi at 115° from Big Basin.",NA,NA,42.7758,-117.951,"+/- 5m'","WGS84",NA,"1,355","1,355",NA,NA,NA,NA,NA,NA,NA,"Gravelly ridge rising from silty basalt flows.",NA,"Achnatherum thurberianum, Poa secunda, Erigeron spp., Eriogonum ovalifolium var. purpureum",NA,NA,NA,NA,NA,NA,NA,NA,NA,NA,NA,NA,NA,NA,NA,NA,NA,NA,NA,"Seeds of Success",NA
NA,NA,"Logan Rees","Linda Martin",5,2023-06-29,"6.29.2023",2023,6,29,NA,"Eriogonum ovalifolium Nutt.","(Nutt.) Durand",NA,"Polygonaceae","R.C. Benkendorf",2023-08-31,"Intermountain Flora",NA,NA,"U.S.A.","Oregon",NA,"1.2mi at 115° from Big Basin.",NA,NA,42.7758,-117.951,"+/- 5m'","WGS84",NA,"1,355","1,355",NA,NA,NA,NA,NA,NA,NA,"Gravelly ridge rising from silty basalt flows.",NA,"Achnatherum thurberianum, Poa secunda, Erigeron spp., Eriogonum ovalifolium var. purpureum",NA,NA,NA,NA,NA,NA,NA,NA,NA,NA,NA,NA,NA,NA,NA,NA,NA,NA,NA,"Seeds of Success",NA
NA,NA,"Logan Rees","Linda Martin",6,2023-07-03,"7.03.2023",2023,7,3,NA,"Helianthus annuus (L.)","L.",NA,"Asteraceae","R.C. Benkendorf",2023-08-31,"Intermountain Flora",NA,NA,"U.S.A.","Oregon",NA,"0.6mi at 324° from Warm Springs crk.",NA,NA,43.5944,-118.2575,"+/- 5m'","WGS84",NA,"1,043","1,043",NA,NA,NA,NA,NA,NA,NA,"Gravelly shores of resevoir.",NA,"Eriogonum microthecum, Peraphyllum ramosissimum, Purshia tridentata",NA,NA,NA,NA,NA,NA,NA,NA,NA,NA,NA,NA,NA,NA,NA,NA,NA,NA,NA,"Seeds of Success",NA
NA,NA,"Logan Rees","Linda Martin",7,2023-07-04,"7.04.2023",2023,7,4,NA,"Erigeron linearis (Hook.) Piper","(Hook.) Piper",NA,"Asteraceae","R.C. Benkendorf",2023-08-31,"Intermountain Flora",NA,NA,"U.S.A.","Oregon",NA,"1.3mi at 154° from Surprise lk. rsvr.",NA,NA,43.453,-119.8318,"+/- 5m'","WGS84",NA,"1,425","1,425",NA,NA,NA,NA,NA,NA,NA,"Silty sagebrush flats.",NA,"Artemisia tridentata ssp. wyomingensis, Poa secunda, Eriocoma thurberiana, Elymus elymoides, Ionactis alpina, Crepis acuminata, Phlox hoodii, Delphinium andersonii, Alyssum desertorum, Lewisia rediviva, Antennaria dimorpha, Eriogonum ovalifolium, Phlox longifolia, Bromus tectorum",NA,NA,NA,NA,NA,NA,NA,NA,NA,NA,NA,NA,NA,NA,NA,NA,NA,NA,NA,"Seeds of Success",NA
NA,NA,"Logan Rees","Linda Martin",8,2023-07-05,"7.05.2023",2023,7,5,NA,"Lomatium triternatum (Pursh) J.M. Coult. & Rose","(Pursh) J.M. Coult. & Rose",NA,"Apiaceae","R.C. Benkendorf",2023-08-31,"Intermountain Flora",NA,NA,"U.S.A.","Oregon",NA,"0.6mi at 213° from Obiaque Water Hole.",NA,NA,43.4776,-119.3516,"+/- 5m'","WGS84",NA,"1,353","1,353",NA,NA,NA,NA,NA,NA,NA,"Rim of lava rocks descending to a sage flats.",NA,"Artemisia tridentata, Lomatium nudicaule, Erigeron linearis, Erigeron pumilus, Festuca oregona",NA,NA,NA,NA,NA,NA,NA,NA,NA,NA,NA,NA,NA,NA,NA,NA,NA,NA,NA,"Seeds of Success",NA
NA,NA,"Logan Rees","Linda Martin",9,2023-07-06,"7.06.2023",2023,7,6,NA,"Erigeron filifolius (Hook.) Nutt.","(Hook.) Nutt.",NA,"Asteraceae","R.C. Benkendorf",2023-08-31,"Intermountain Flora",NA,NA,"U.S.A.","Oregon",NA,"1.3mi at 153° from Surprise lk. rsvr.",NA,NA,43.453,-119.8316,"+/- 5m'","WGS84",NA,"1,425","1,425",NA,NA,NA,NA,NA,NA,NA,"Silty sagebrush flats.",NA,"Artemisia tridentata ssp. wyomingensis, Poa secunda, Eriocoma thurberiana, Elymus elymoides, Ionactis alpina, Crepis acuminata, Phlox hoodii, Delphinium andersonii, Alyssum desertorum, Lewisia rediviva, Antennaria dimorpha, Eriogonum ovalifolium, Phlox longifolia, Bromus tectorum",NA,NA,NA,NA,NA,NA,NA,NA,NA,NA,NA,NA,NA,NA,NA,NA,NA,NA,NA,"Seeds of Success",NA
NA,NA,"Logan Rees","Linda Martin",10,2023-08-02,"08.02.2023",2023,8,2,NA,"Erigeron pumilus Nutt.","Nutt.",NA,"Asteraceae","R.C. Benkendorf",2023-10-01,"Intermountain Flora",NA,NA,"U.S.A.","Oregon",NA,"0.7mi at 33° from Corral crk.",NA,NA,42.7581,-118.7203,"+/- 5m'","WGS84",NA,"1,989","1,989",NA,NA,NA,NA,NA,NA,NA,"Sage meadows",NA,"Artemisia tridentata, Elymus elymoides, Festuca idahoensis, Poa secunda, Symphoricarpos sp., Bromus sp., Poa bulbosa, Androsace sp.",NA,NA,NA,NA,NA,NA,NA,NA,NA,NA,NA,NA,NA,NA,NA,NA,NA,NA,NA,"Seeds of Success",NA
NA,NA,"Logan Rees","Linda Martin",11,2023-08-28,"8.28.2023",2023,8,28,NA,"Artemisia tripartita Rydb.","Rydb.",NA,"Asteraceae","R. Rosentreter",2023-09-13,"Intermountain Flora",NA,NA,"U.S.A.","Oregon",NA,"Drinkwater Pass.",NA,NA,43.7843,-118.2783,"+/- 5m'","WGS84",NA,"1,283","1,283",NA,NA,NA,NA,NA,NA,NA,"Sage plateau",NA,"Artemisia tridentata ssp. vaseyana, Juniperus occidentalis, Poa secunda, Pseudoroegneria spicata",NA,NA,NA,NA,NA,NA,NA,NA,NA,NA,NA,NA,NA,NA,NA,NA,NA,NA,NA,"Seeds of Success",NA
NA,NA,"Logan Rees","Linda Martin",12,2023-08-29,"8.29.2023",2023,8,29,NA,"Artemisia arbuscula Nutt.","Nutt.",NA,"Asteraceae","R. Rosentreter",2023-09-13,"Intermountain Flora",NA,NA,"U.S.A.","Oregon",NA,"3.3mi at 113° from Roaring Springs cnyn.",NA,NA,42.6353,-118.9269,"+/- 5m'","WGS84",NA,"1,705","1,705",NA,NA,NA,NA,NA,NA,NA,"Sage meadows South facing slope",NA,"Artemisia arbuscula, Artemisia cana, Juniperus occidentalis, Lomatium cous, Microseris nutans, Trifolium longipes, Agoseris glauca, Agoseris heterophylla",NA,NA,NA,NA,NA,NA,NA,NA,NA,NA,NA,NA,NA,NA,NA,NA,NA,NA,NA,"Seeds of Success",NA
NA,NA,"Logan Rees","Linda Martin",13,2023-08-30,"8.30.2023",2023,8,30,NA,"Artemisia nova A. Nelson","A. Nelson",NA,"Asteraceae","R. Rosentreter",2023-09-13,"Intermountain Flora",NA,NA,"U.S.A.","Oregon",NA,"1.3mi at 355° from Little Grassy rsvr.",NA,NA,42.8244,-117.3179,"+/- 5m'","WGS84",NA,"1,380","1,380",NA,NA,NA,NA,NA,NA,NA,"Sandy foothills",NA,"Artemisia tridentata, Bromus tectorum, Erigeron pumilus, Lupinus sp.",NA,NA,NA,NA,NA,NA,NA,NA,NA,NA,NA,NA,NA,NA,NA,NA,NA,NA,NA,"Seeds of Success",NA
NA,NA,"Logan Rees","Linda Martin",14,2023-08-31,"8.31.2023",2023,8,31,NA,"Purshia tridentata Curran","Curran",NA,"Rosaceae","R.C. Benkendorf",2023-10-01,"Intermountain Flora",NA,NA,"U.S.A.","Oregon",NA,"0.7mi at 180° from Corta rsvr.",NA,NA,42.699,-117.0361,"+/- 5m'","WGS84",NA,"1,511","1,511",NA,NA,NA,NA,NA,NA,NA,"Sage flats",NA,"Artemisia arbuscula, Artemisia tridentata, Bromus tectorum, Elymus elymoides, Poa bulbosa, Poa secunda, Purshia tridentata",NA,NA,NA,NA,NA,NA,NA,NA,NA,NA,NA,NA,NA,NA,NA,NA,NA,NA,NA,"Seeds of Success",NA
NA,NA,"Logan Rees","Linda Martin",15,2023-08-29,"8.29.2023",2023,8,29,NA,"Artemisia tridentata Nutt.","Beetle & Young",NA,"Asteraceae","R. Rosentreter",2023-09-13,"Intermountain Flora",NA,NA,"U.S.A.","Oregon",NA,"0.5mi at 10° from Folly Farm Flat.",NA,NA,43.0413,-118.2121,"+/- 5m'","WGS84",NA,"1,238","1,238",NA,NA,NA,NA,NA,NA,NA,"Wide playa in a flat valley",NA,"Artemisia tridentata, Poa secunda, Eriogonum ssp., Erigeron linearis",NA,NA,NA,NA,NA,NA,NA,NA,NA,NA,NA,NA,NA,NA,NA,NA,NA,NA,NA,"Seeds of Success",NA
NA,NA,"Logan Rees","Linda Martin",16,2023-09-05,"9.5.2023",2023,9,5,NA,"Artemisia tridentata Nutt.","Nutt.",NA,"Asteraceae","R. Rosentreter",2023-09-13,"Intermountain Flora",NA,NA,"U.S.A.","Oregon",NA,"0.5mi at 98° from Medlin rsvr.",NA,NA,43.8621,-117.7196,"+/- 5m'","WGS84",NA,"1,029","1,029",NA,NA,NA,NA,NA,NA,NA,"Steep sided valley",NA,"Artemisia tridentata, Bromus tectorum",NA,NA,NA,NA,NA,NA,NA,NA,NA,NA,NA,NA,NA,NA,NA,NA,NA,NA,NA,"Seeds of Success",NA
NA,NA,"Logan Rees","Linda Martin",17,2023-09-06,"9.6.2023",2023,9,6,NA,"Artemisia arbuscula Nutt.","Nutt.",NA,"Asteraceae","R. Rosentreter",2023-09-13,"Intermountain Flora",NA,NA,"U.S.A.","Oregon",NA,"0.9mi at 131° from Obiaque Water Hole.",NA,NA,43.4769,-119.3315,"+/- 5m'","WGS84",NA,"1,369","1,369",NA,NA,NA,NA,NA,NA,NA,"Sage flats",NA,"Achnatherum hymenoides, Artemisia tridentata, Eriogonum ovalifolium, Nothocalais troximoides, Erigeron linearis, Lomatium ssp.",NA,NA,NA,NA,NA,NA,NA,NA,NA,NA,NA,NA,NA,NA,NA,NA,NA,NA,NA,"Seeds of Success",NA
NA,NA,"Logan Rees","Linda Martin",18,2023-09-06,"9.6.2023",2023,9,6,NA,"Artemisia cana Pursh","Pursh",NA,"Asteraceae","R. Rosentreter",2023-09-13,"Intermountain Flora",NA,NA,"U.S.A.","Oregon",NA,"2.7mi at 353° from Wilson crk.",NA,NA,43.3734,-119.5762,"+/- 5m'","WGS84",NA,"1,296","1,296",NA,NA,NA,NA,NA,NA,NA,"Sage flats in and around dry silted lake.",NA,"Achnatherum thurberianum, Artemisia tridentata ssp. wyomingensis, Chrysothamnus viscidiflorus, Ericameria nauseosa, Poa secunda, Pseudoroegneria spicata, Erigeron bloomeri, Lomatium sp.",NA,NA,NA,NA,NA,NA,NA,NA,NA,NA,NA,NA,NA,NA,NA,NA,NA,NA,NA,"Seeds of Success",NA
NA,NA,"Logan Rees","Linda Martin",19,2023-09-06,"9.6.2023",2023,9,6,NA,"Tetradymia canescens DC.","DC.",NA,"Asteraceae","R.C. Benkendorf",2023-10-01,"Intermountain Flora",NA,NA,"U.S.A.","Oregon",NA,"1.2mi at 337° from Browns Horse Corral Waterhole.",NA,NA,42.969,-119.919,"+/- 5m'","WGS84",NA,"1,634","1,634",NA,NA,NA,NA,NA,NA,NA,"Gravelly plateau dominated by sage.",NA,"Achnatherum thurberianum, Artemisia arbuscula, Chrysothamnus viscidiflorus, Elymus elymoides, Leymus cinereus, Poa secunda, Crepis acuminata, Allium acuminatum, Erigeron bloomeri, Erigeron linearis",NA,NA,NA,NA,NA,NA,NA,NA,NA,NA,NA,NA,NA,NA,NA,NA,NA,NA,NA,"Seeds of Success",NA
NA,NA,"Logan Rees","Linda Martin",20,2023-09-06,"9.6.2023",2023,9,6,NA,"Artemisia nova A. Nelson","A. Nelson",NA,"Asteraceae","R. Rosentreter",2023-09-13,"Intermountain Flora",NA,NA,"U.S.A.","Oregon",NA,"1.2mi at 337° from Browns Horse Corral Waterhole.",NA,NA,42.969,-119.919,"+/- 5m'","WGS84",NA,"1,634","1,634",NA,NA,NA,NA,NA,NA,NA,"Gravelly plateau dominated by sage.",NA,"Achnatherum thurberianum, Artemisia arbuscula, Chrysothamnus viscidiflorus, Elymus elymoides, Leymus cinereus, Poa secunda, Crepis acuminata, Allium acuminatum, Erigeron bloomeri, Erigeron linearis",NA,NA,NA,NA,NA,NA,NA,NA,NA,NA,NA,NA,NA,NA,NA,NA,NA,NA,NA,"Seeds of Success",NA
NA,NA,"Logan Rees","Linda Martin",21,2023-09-06,"9.6.2023",2023,9,6,NA,"Chrysothamnus viscidiflorus (Hook.) Nutt.","(Hook.) Nutt.",NA,"Asteraceae","R.C. Benkendorf",2023-10-01,"Intermountain Flora",NA,NA,"U.S.A.","Oregon",NA,"1.2mi at 337° from Browns Horse Corral Waterhole.",NA,NA,42.969,-119.919,"+/- 5m'","WGS84",NA,"1,634","1,634",NA,NA,NA,NA,NA,NA,NA,"Gravelly plateau dominated by sage.",NA,"Achnatherum thurberianum, Artemisia arbuscula, Chrysothamnus viscidiflorus, Elymus elymoides, Leymus cinereus, Poa secunda, Crepis acuminata, Allium acuminatum, Erigeron bloomeri, Erigeron linearis",NA,NA,NA,NA,NA,NA,NA,NA,NA,NA,NA,NA,NA,NA,NA,NA,NA,NA,NA,"Seeds of Success",NA
NA,NA,"Logan Rees","Linda Martin",22,2023-09-06,"9.6.2023",2023,9,6,NA,"Artemisia tridentata Nutt.","Beetle & Young",NA,"Asteraceae","R. Rosentreter",2023-09-13,"Intermountain Flora",NA,NA,"U.S.A.","Oregon",NA,"0.6mi at 311° from Soup lk.s.",NA,NA,42.7545,-120.0542,"+/- 5m'","WGS84",NA,"1,568","1,568",NA,NA,NA,NA,NA,NA,NA,"Foothills",NA,"Bromus tectorum, Chrysothamnus viscidiflorus, Poa secunda",NA,NA,NA,NA,NA,NA,NA,NA,NA,NA,NA,NA,NA,NA,NA,NA,NA,NA,NA,"Seeds of Success",NA
NA,NA,"Logan Rees","Linda Martin",23,2023-09-07,"9.7.2023",2023,9,7,NA,"Artemisia cana Pursh","Pursh",NA,"Asteraceae","R. Rosentreter",2023-09-13,"Intermountain Flora",NA,NA,"U.S.A.","Oregon",NA,"3.3mi at 113° from Roaring Springs cnyn.",NA,NA,42.6353,-118.9269,"+/- 5m'","WGS84",NA,"1,705","1,705",NA,NA,NA,NA,NA,NA,NA,"Sage meadows at the fringes of seasonal lake.",NA,"Artemisia arbuscula, Artemisia cana,  Juniperus occidentalis, Agoseris glauca, Agoseris heterophylla, Collinsia parviflora, Lomatium cous, Microseris nutans, Trifolium longipes",NA,NA,NA,NA,NA,NA,NA,NA,NA,NA,NA,NA,NA,NA,NA,NA,NA,NA,NA,"Seeds of Success",NA
NA,NA,"Logan Rees","Linda Martin",24,2023-10-16,"10.16.2023",2023,10,16,NA,"Penstemon deustus Douglas","Douglas",NA,"Plantaginaceae","R.C. Benkendorf",2023-11-01,"Intermountain Flora",NA,NA,"U.S.A.","Oregon",NA,"3.3mi at 113° from Roaring Springs cnyn.",NA,NA,42.6353,-118.9269,"+/- 5m'","WGS84",NA,"1,705","1,705",NA,NA,NA,NA,NA,NA,NA,"Sage meadows at the fringes of seasonal lake.",NA,"Artemisia arbuscula, Artemisia cana,  Juniperus occidentalis, Agoseris glauca, Agoseris heterophylla, Collinsia parviflora, Lomatium cous, Microseris nutans, Trifolium longipes",NA,NA,NA,NA,NA,NA,NA,NA,NA,NA,NA,NA,NA,NA,NA,NA,NA,NA,NA,"Seeds of Success",NA
NA,NA,"Logan Rees","Linda Martin",25,2023-08-02,"08.02.2023",2023,8,2,NA,"Chrysothamnus viscidiflorus (Hook.) Nutt.","(Hook.) Nutt.",NA,"Asteraceae","R.C. Benkendorf",2023-11-01,"Intermountain Flora",NA,NA,"U.S.A.","Oregon",NA,"0.7mi at 33° from Corral crk.",NA,NA,42.7581,-118.7203,"+/- 5m'","WGS84",NA,"1,989","1,989",NA,NA,NA,NA,NA,NA,NA,"Sage meadows",NA,"Artemisia tridentata, Elymus elymoides, Festuca idahoensis, Poa secunda, Symphoricarpos sp., Bromus sp., Poa bulbosa, Androsace sp.",NA,NA,NA,NA,NA,NA,NA,NA,NA,NA,NA,NA,NA,NA,NA,NA,NA,NA,NA,"Seeds of Success",NA
NA,NA,"Logan Rees","Linda Martin",26,2023-08-02,"08.02.2023",2023,8,2,NA,"Ericameria nauseosa (Pall. ex Pursh) G.L. Nesom & G.I. Baird","(Pall. ex Pursh) G.L. Nesom & G.I. Baird",NA,"Asteraceae","R.C. Benkendorf",2023-11-01,"Intermountain Flora",NA,NA,"U.S.A.","Oregon",NA,"0.7mi at 33° from Corral crk.",NA,NA,42.7581,-118.7203,"+/- 5m'","WGS84",NA,"1,989","1,989",NA,NA,NA,NA,NA,NA,NA,"Sage meadows",NA,"Artemisia tridentata, Elymus elymoides, Festuca idahoensis, Poa secunda, Symphoricarpos sp., Bromus sp., Poa bulbosa, Androsace sp.",NA,NA,NA,NA,NA,NA,NA,NA,NA,NA,NA,NA,NA,NA,NA,NA,NA,NA,NA,"Seeds of Success",NA
